V1,V2,V3,V4,V5,V6,V7,V8,V9,V10
咯,母亲,屋,安庆,爷,娘,垸,摇,父亲,点头
戴,戴着,口罩,洗手,药店,佩,戴上,液,地铁,高铁
冈,荆,孝感,襄阳,黄,鄂,州,天门,黄石,潜
例,病例,累计,新增,确,诊,死亡,报告,治愈,首
样本,试剂,溶,基因,胶,实验,序,盒,份,提取
中青,凤凰,生命力,出版社,燕,琴,嫂,邱,摄影,冰冷
血浆,肿瘤,解剖,病理,疗,尸,移植,晖,损伤,血液
门诊,科室,发热,科,急,医生,医院,医务,外科,内科
护士,穿,队员,医护,服,理发,队,下班,护理,夜班
记者,人员,通知,表示,市,指挥,工作,称,要求,相关
韦,专利,试验,药物,瑞,匹,双黄,氯,喹,口服
新天地,野生,养殖,大邱,饲料,教会,食用,动物,野味,猎
居民,小区,社区,栋,物业,亭,百步,街道,业主,居
很多,其实,这种,事情,应该,非常,觉得,能够,做,比较
志愿,求助,钰,滋,女性,松鼠,救助,安心,群,孕妇
书店,小说,文学,思想,艺术,无话可说,瘟疫,音乐,诗歌,灾难
捐赠,物资,十字,慈善,医用,仓库,捐款,捐助,募捐,捐
岛,胜,珍,正和,省委,中央,援,书记,民,忠
财经,权威,主办,管理者,独家,学界,决策,刊物,证券,秉承
心理,咨询,情绪,焦虑,干预,热线,激,创伤,援助,精神
疫,情,影响,应对,中国,时代,郑,迷,真相,各地
汽车,部件,苹果,石油,供应,喷,熔,制造,生产,产量
核酸,阴性,阳性,检测,症状,诊断,出院,咽,影像,拭
过年,爸,家里,出门,回家,老家,年夜饭,妈,除夕,买
后来,打电话,觉得,一下,没,晚上,不知道,那天,挺,东西
邮,船上,公主,钻石,奥运,日本,东京,船员,下船,香港
鄢,奶奶,爸爸,妈妈,父亲,婆婆,丈夫,发烧,儿子,外婆
租,店,房东,咖啡,营业,公寓,自如,顾客,贝,民宿
村,村民,村里,镇,村子,县城,农村,镇上,涂,村口
司机,骑,车,货车,辆,滴滴,高速,车队,接送,蜂
亮,李,文,银,训诫,眼科,去世,无效,抢救,夏
登记,温,体温,沪,民警,测,红外,测量,站,上海
用户,燃,互,健身,智能,线上,创业,模式,创始,创新
教学,学生,课程,课,上课,课堂,教育,老师,开学,教师
现金,贷款,银行,减免,资金,裁员,中小企业,蛋壳,中小,融资
股,跌,跌幅,轩,股市,下跌,指数,储,股票,收盘
航,航空,留学生,回国,机场,机票,登机,飞机,班,副刊
哭,睡,心里,俩,躺,聊天,一刻,爷爷,床上,男友
新型,冠状,海鲜,华南,病毒,传,通报,卫,不明,感染
稿件,改编,你的,口述,线索,添加,祺,注明,琛,角度
氧,插,氧气,重症,饱和,金银,呼吸,危,潭,吸
疾,健,传染,卫生,上报,卫,不明,预防,直,公共
财,北京市,输入,详,防,省份,境外,处分,省,探求
传染,传播,病死,流感,率,潜伏期,流行病,比例,流行,疾病
猫,草莓,萝卜,狗,藕,斤,冻,兔,肉,主人
游戏,玩家,电影,影视,精彩,剧,影,粉丝,直播,商业
南方,周末,京,王,剥,全文,伟,报,涛,娜
财政,经济,冲击,增长,流动,速,改革,水平,增,下降
辟,谣,协作,.,社工,彤,科普,女工,物质,打工
伊朗,德国,英国,法国,德黑兰,西班牙,瑞士,姆,约翰,边境
办公,远程,公司,保险,员工,费用,招聘,合同,费,面试
监狱,依法,治理,补助,法律,灾,罪,制度,责任,纪
意大利,米兰,伦,比赛,赛,欧元,北部,罗马,球员,尼
风景,作家,日记,最美,专注,今天,万物,尺度,逐鹿,昨天
疫苗,宿主,蛋白,蝙蝠,研发,科学,序列,科研,人类,接种
复,工,温州,产,开工,岗,企业,厂,工人,园区
朗,纽约,美国,普,华盛顿,总统,加州,联邦,白宫,州
货,商品,价格,商家,清流,代购,口罩,包装,商,采购
舱,床位,治,收,定点,医院,病床,透析,改造,医疗
施工,神山,坍塌,建筑,工地,消防,废,泉州市,火,鲤
